Title,Detail,Date,Price(in dollar),Offer price(in dollar),Review and rating,Number of bed
"Chalet in Skykomish, Washington, US",Sky Haus - A-Frame Cabin,Jun 11 - 16,306,229,4.85 (531),4 beds
"Cabin in Hancock, New York, US",The Catskill A-Frame - Mid-Century Modern Cabin,Jun 6 - 11,485,170,4.77 (146),4 beds
"Cabin in West Farmington, Ohio, US",The Triangle: A-Frame Cabin for your city retreat,Jul 9 - 14,119,522,4.91 (515),4 beds
"Home in Blue Ridge, Georgia, US",*Summer Sizzle* 5 Min to Blue Ridge* Pets* Hot tub,Jun 11 - 16,192,348,4.94 (88),5 beds
"Chalet in Grand √âtang, Canada",‚Ä¢ Cedar Peak ‚Ä¢ 2 Bedroom Barrier-Free Chalet,Jun 8 - 15,381,,5.0 (48),2 beds
"Room in Mexico City, Mexico","Room in apartment, traditional neighborhood",Jul 3 - 8,29,,4.84 (58),2 beds
"Tiny home in Sandy Valley, Nevada, US",Peacock Tiny House near Las Vegas,Jun 26 - Jul 1,154,,4.92 (744),3 beds
"Guest suite in Huntsville, Canada",Hidden Valley‚Äôs Guest Suite - explore nature,Sep 4 - 10,207,,4.97 (265),2 beds
"Treehouse in Travelers Rest, South Carolina, US",The Forestry House - A modern luxury treehouse.,Aug 20 - 25,282,417,New,1 bed
"Farm stay in Del Norte County, California, US",Underground Hobbit Hole @ Sustainable Ecovillage,Jun 9 - 14,89,253,4.54 (195),1 bed
"Treehouse in San Carlos, Costa Rica",Rainforest Tree House with Hot Springs,Aug 31 - Sep 5,132,,4.84 (763),3 beds
"Treehouse in Frazeysburg, Ohio, US",Tullihas in the Trees Off-Grid Treehouse,Jun 4 - 9,143,,4.98 (181),2 beds
"Cabin in Rodney, Canada",SECLUDED LAKESIDE CABIN,Jul 23 - 28,463,,4.99 (172),3 beds
"Room in La Habana, Cuba",Fauria Colonial House (Room 3),Jun 21 - 26,29,,4.92 (75),1 bed
"Dome in Terlingua, Texas, US",Domeland: Off-grid Adobe Dome near Big Bend,Jul 9 - 14,136,,4.95 (863),5 beds
"Cottage in Harcourt, Canada",Scandinavian-Inspired Tiny Home Experience,Sep 3 - 8,392,,4.98 (95),2 beds
"Cabin in Medell√≠n, Colombia",Chalet Boutique Saltamontes Santa Elena,Jun 4 - 9,51,,4.94 (232),2 beds
"Hut in Bavaro, Dominican Republic",Hut #1 Romantic Luxury Beachfront,Jul 1 - 6,171,,4.89 (377),2 beds
"Condo in Puerto Vallarta, Mexico",Buddha Loft in Romantic Zone of Puerto Vallarta,Jul 12 - 17,112,146,4.85 (175),1 bed
"Chalet in Cajic√°, Colombia",Casa An√≠s,Jun 1 - 6,40,,4.96 (202),3 beds
"Cottage in Renous, Canada",Hambrook Point Cottage ‚ÄúHomestead‚Äù,Jun 25 - 30,93,,4.87 (360),3 beds
"Tiny home in Castleton, Canada","Artsy ""Glamping"" experience",Jul 21 - 26,138,,4.91 (278),3 beds
"Cottage in Bodega Bay, California, US","Seamist Beach Cottage, Private Beach & Ocean views",Aug 13 - 18,670,,4.7 (256),2 beds
"Guesthouse in Key Largo, Florida, US","Private Cottage, enjoy beach, sunsets & fishing.",Jul 11 - 16,218,,4.89 (314),3 beds
"Cabin in El Pe√±ol, Colombia",6 Ibuku Big Cabin by Lake Jacuzzi Kayak,Jun 12 - 17,220,372,4.93 (46),7 beds
"Guest suite in North Vancouver, Canada",The Brite House - Oceanfront Sojourn,Jun 6 - 11,305,251,4.87 (319),3 beds
"Home in Shirley, Canada",‚ô® Cedar Coast Lodge - Coastal retreat w/ HOT TUB,Jun 4 - 9,480,290,4.82 (125),5 beds
"Apartment in Miami, Florida, US","LUXURY 5‚òÖs ICON BRICKELL CONDO@47TH, GYM/POOL",Jun 27 - Jul 4,398,265,4.89 (605),2 beds
"Dome in Lac-Sup√©rieur, Canada",Dome L'Albatros | Private Spa | BBQ Zone,Jul 25 - 31,322,232,4.86 (196),6 beds
"Apartment in Tulum, Mexico",‚òÜKing Bed Apartment‚òÜ Suk-Ha ‚òÜ La Veleta,Jun 1 - 6,55,,4.6 (73),4 beds
"Chalet in Durham, Canada",Newly-Constructed Riverfront Chalet,Jun 4 - 9,360,,4.97 (95),2 beds
"Home in Borinquen, Puerto Rico",The Nest at Crash Boat. Only waterfront on Beach,Aug 7 - 12,363,,4.9 (143),3 beds
"Cottage in Wasaga Beach, Canada",Cozy Riverfront Cottage Retreat with Dock,Jun 11 - 16,232,,4.84 (55),1 bed
"Tiny home in Blockhouse, Canada",The Ruby -A Rustic Red Ark tiny home,Jun 18 - 23,81,,4.98 (43),2 beds
"Guesthouse in Peachland, Canada",Romantic lakefront estate with lake view & deck,Jun 2 - 7,271,,5.0 (311),2 beds
"Dome in Windermere, Canada",Cougar Dome at Winderdome Resort!,Aug 27 - Sep 1,335,223,5.0 (16),3 beds
"Condo in Myrtle Beach, South Carolina, US",Cool Clean Condo with Brilliant Oceanfront View,Jun 25 - Jul 1,261,63,4.58 (108),2 beds
"Apartment in Playa del Carmen, Mexico","Su mejor opci√≥n en Playa del Carmen, a pasos de la quinta av.",Jun 4 - 9,89,198,4.78 (231),2 beds
"Tiny home in Maynooth, Canada",Cozy Cabin #2 - private cabin in the wilderness!,Jun 4 - 9,71,141,4.89 (90),2 beds
"Cottage in Luquillo, Puerto Rico",The Sugar Shack a unique cabin in the Rainforest,Sep 4 - 9,75,,4.92 (447),2 beds
"Condo in Hollywood, Florida, US",Amazing Hyde One-bedroom apartment on the Beach,Jun 4 - 9,248,,4.56 (62),2 beds
"Cabin in Naples, New York, US",East hill cabins #1,Jun 11 - 16,91,,4.82 (334),2 beds
"Campsite in Nemaiah Valley, Canada",Sunset Wilderness Camp,Jun 1 - 6,34,,4.0 (3),1 bed
"Loft in The Blue Mountains, Canada",Chateau Ridge Chalet w/ Mountain View,Jun 5 - 12,154,,4.84 (95),4 beds
"Place to stay in Punta Cana, Dominican Republic",Hut #3 Romantic Luxury on the sand,Jul 11 - 16,132,,4.86 (29),2 beds
"Home in Hilbert, Wisconsin, US",State Park A-Frame with Hiking Trails & Arcade,Jun 4 - 9,239,,4.97 (29),2 beds
"Dome in Whittier, North Carolina, US",Luxury Dome w/ Hot Tub & Mountain View,Aug 7 - 12,291,169,5.0 (11),2 beds
"Home in Hilbert, Wisconsin, US",State Park A-Frame with Hiking Trails & Arcade,Jun 4 - 9,239,132,4.97 (29),2 beds
"Home in Puntarenas Province, Costa Rica",House with pool in the heights of Santa Teresa,Jun 4 - 9,230,47,5.0 (6),3 beds
"Nature lodge in Quesada, Costa Rica",Cabin Over a water fall,Jun 5 - 10,82,,4.94 (133),1 bed
"Boat in Key West, Florida, US",Cozy Houseboat ‚ÄúWild One‚Äù,Jun 11 - 16,233,,5.0 (4),2 beds
"Home in Bellingham, Washington, US",Bellingham A-Frame - Hot tub & Firepit,Jun 11 - 16,232,,New,2 beds
"Apartment in San Juan, Puerto Rico","Villa Boh√®me 3, 1BR with Patio",Jul 8 - 13,115,,New,1 bed
"Cabin in Gold Bar, Washington, US",New lux cabin w/mount index view,Jun 25 - 30,253,,4.86 (7),2 beds
"Hut in Uvero Alto - Bavaro - Punta Cana, Dominican Republic",Hut #2 Romantic Luxury on the sand,Aug 1 - 6,186,,4.94 (226),2 beds
"Hut in Uvero Alto - Bavaro - Punta Cana, Dominican Republic",Hut #2 Romantic Luxury on the sand,Aug 1 - 6,186,192,4.94 (226),2 beds
"Treehouse in Wardensville, West Virginia, US",Eagles Nest Treehouse w/Hot tub!,Jun 4 - 10,244,63,New,3 beds
"Boat in Stuart, Florida, US",Modern Houseboat On the water,Aug 6 - 11,173,49,4.97 (264),1 bed
"Condo in Miami Beach, Florida, US",Oceanfront 14th Floor Brand New Beachfront Flat,Jun 14 - 19,302,,4.85 (646),2 beds
"Shipping container in Playa Hermosa, Costa Rica",Beachfront Bungalow w/ private hydromassage pool 2,Jun 10 - 15,147,,4.9 (68),2 beds
"Cabin in Marion, North Carolina, US","Luxury Treehouse, Romantic, Views, Hike-Waterfall",Jul 29 - Aug 3,228,,5.0 (18),1 bed
"Camper/RV in Half Moon Bay, California, US",Quiet and Private Retreat in a 1967 Airstream on the Coast.,Jun 25 - 30,220,,4.93 (347),2 beds
"Apartment in San Jos√©, Costa Rica",New Boho Sabana Apartment Close to Airports w/ AC,Jun 23 - 28,89,,4.85 (81),1 bed
"Treehouse in R√≠o Grande, Puerto Rico",Charming Treehouse with Pool,Sep 10 - 15,217,330,5.0 (172),1 bed
"Loft in Mazatl√°n, Mexico",Oceanfront loft,Jun 10 - 15,100,253,4.92 (177),2 beds
"Home in Real Montecassino, Mexico",New! Bamboo Bosque Mio (Stars & Campfires),Jun 4 - 9,113,,4.82 (56),3 beds
"Home in Vero Beach, Florida, US","Heated Pool, Putt Putt Golf",Jun 11 - 16,468,,4.93 (15),5 beds
"Shipping container in Jauca, Puerto Rico",Peque√±o espacio Rom√°ntico piscina y muelle privado,Jul 17 - 22,220,,4.95 (139),1 bed
"Apartment in Acapulco, Mexico",COMFORTABLE BEACH DEPA OVERLOOKING THE SEA,Jun 4 - 9,42,96,4.57 (226),1 bed
"Home in Pinilla, Costa Rica",Casa La Paz vistas al mar @ Pinilla Highlands,Jul 30 - Aug 6,146,,4.86 (7),1 bed
"Farm stay in Siler City, North Carolina, US",Lovely farm cabin experience,Jun 11 - 16,114,,5.0 (5),2 beds
"Tiny home in Horning's Mills, Canada",Pine River Bunkies: Heron‚Äôs Landing Off Grid Cabin,Jun 1 - 6,120,,4.89 (103),2 beds
"Bungalow in Newport Beach, California, US","Surf, Sand & Sunsets - Goldenrod CdM BEACH STUDIO",Jul 31 - Aug 7,229,,4.8 (289),3 beds
"Hut in Guarne, Colombia",Refugio LOS PAPIROS,Jun 4 - 9,18,,4.89 (66),3 beds
"Room in Acapulco, Mexico",Beach crab.,Jun 1 - 6,43,,4.74 (270),3 beds
"Nature lodge in Las Galeras, Dominican Republic","Casa El Paraiso, Las Galeras (room #5)",Jun 10 - 15,286,,4.94 (270),3 beds
"Room in Monteverde, Costa Rica",Holistic House Diamond,Jun 5 - 11,160,,4.96 (274),3 beds
"Tiny home in Malibu, California, US","Malibu Serene Guest House, Mins to Beach & Hike",Jun 25 - 30,252,,4.77 (298),3 beds
"Apartment in Canc√∫n, Mexico",Free Transportation / Premium Beach Loft 1711th,Jun 1 - 6,138,,5.0 (15),3 beds
"Cabin in Gilmour, Canada",Cozy cabin on 5 acres !,Jun 4 - 9,86,114,4.73 (124),2 beds
"Condo in Ocean City, Maryland, US",OceanfrontStudio-Slps4-Pool-Pickleball-HBOMax-Dis+,Jun 9 - 16,291,191,4.94 (80),2 beds
"Condo in Rosarito, Mexico",LUXE & STYLISH/3BR/LAS OLAS CONDO/12TH FLR/ROSARITO,Jun 11 - 16,173,138,4.8 (207),4 beds
"Room in New York, New York, US","Lovely Private Room-Manhattan, 70s-Upper East Side",Jul 9 - 14,103,89,4.93 (30),1 bed
"Apartment in Marina del Rey, California, US",Romantic Ocean Penthouse w/ panoramic marina views,Jun 1 - 8,247,,4.77 (111),1 bed
"Hotel in Tepoztl√°n, Mexico",Posada Sarita,Jun 3 - 10,50,,4.56 (176),3 beds
"Cottage in Oceanside, California, US","Beach Bungalow on the Sand, Steps to the Ocean",Jun 3 - 8,483,,4.93 (213),2 beds
"Apartment in Los Angeles, California, US",Historic Venice Apt 1/2 blocks to beach+parking,Nov 16 - 21,185,,4.94 (431),2 beds
"Home in Cape Coral, Florida, US",Amazing Modern Home with Pool and Hot Tub!,Jul 11 - 16,167,,4.84 (136),2 beds
"Condo in Malibu, California, US","Malibu, Carbon Beach - Suite Three",Jun 4 - 9,649,,4.8 (425),3 beds
"Tiny home in Mill Village, Canada",UpStream (Waterfront Cabin With Wood Stove & WiFi),Jun 25 - 30,97,,4.87 (101),1 bed
"Place to stay in Tepoztl√°n, Mexico",M6. Alojamiento ideal para explorar Tepoztl√°n,Jun 25 - Jul 1,40,,4.86 (28),1 bed
"Cabin in Mineral Bluff, Georgia, US",Scenic Solitude-Amazing Mountain views on 5 acres,Jun 4 - 9,302,175,5.0 (44),2 beds
"Room in New York, New York, US","Lovely Private Room-Manhattan, 70s-Upper East Side",Jul 9 - 14,103,114,4.93 (30),1 bed
"Condo in Luquillo, Puerto Rico",‚ÄúPlaya Luna‚Äù- Breathtaking Ocean and City Views,Jul 2 - 7,138,89,4.88 (159),1 bed
"Treehouse in Sundridge, Canada",Lount Treetop Rentals - Unit 2,Jun 1 - 6,135,48,4.97 (173),1 bed
"Apartment in Marina del Rey, California, US",Romantic Ocean Penthouse w/ panoramic marina views,Jun 1 - 8,247,,4.77 (111),2 beds
"Hotel in Tepoztl√°n, Mexico",Posada Sarita,Jun 3 - 10,50,,4.56 (176),3 beds
"Apartment in Galveston, Texas, US",Beach Front Condo In Casa Del Mar,Jun 18 - 24,205,,4.72 (389),2 beds
"Apartment in Laguna Beach, California, US",Laguna Beach Studio Oceanviews 49,Jun 1 - 6,148,,4.36 (273),2 beds
"Place to stay in Hopatcong, New Jersey, US",Lake Sports Home & Super water sports!,Aug 20 - 25,154,233,5.0 (18),3 beds
"Cabin in Reaboro, Canada",Cedar Springs Cabin - A Cozy Hideaway in the Woods,Jun 16 - 21,346,,4.97 (76),2 beds
"Apartment in San Jos√© del Cabo, Mexico",Beachfront at its finest @ San Jose del Cabo! ü§©üèÑüèº‚Äç‚ôÇÔ∏èüèñ,Jun 22 - 29,78,,4.75 (186),1 bed
"Cabin in Puerto Viejo de Talamanca, Costa Rica",Tiny Beach front house,Jul 24 - 29,89,,4.73 (140),2 beds
"Home in Hamilton, Canada",Stunning house on lake Ontario,Jun 25 - 30,210,,4.9 (192),2 beds
"Room in Key West, Florida, US",1-Private room/bbq/patio. 2 full bed 1 couch bed.,Jul 29 - Aug 3,258,,4.83 (40),2 beds
"Boat in Stuart, Florida, US",House Boat Sunset Bay Marina Stuart Fl,Sep 10 - 15,127,,4.92 (279),2 beds
"Apartment in Guanacaste Province, Costa Rica",Surf Shack Guiones - perfect beach location,Jun 17 - 24,130,,4.82 (278),2 beds
"Condo in Honolulu, Hawaii, US",23FL Skyline King Studio w/Ocean & City Views.,Jun 12 - 18,221,174,4.95 (41),2 beds
"Boutique hotel in Miami Beach, Florida, US",Room 2 Queen beds- Buffet Breakfast-Steps to beach,Jun 5 - 10,116,139,4.38 (156),2 beds
"Condo in Atlantic City, New Jersey, US",Beachfront Condo Now Available! Sleeps 4 + Parking,Jun 4 - 9,133,,4.51 (88),2 beds
"Bungalow in Puerto Viejo de Talamanca, Costa Rica",CASA BADAWI in 400m Tropical Garden. Optical Fiber,Jun 6 - 11,72,,4.96 (108),2 beds
"Apartment in Santa Teresa Beach, Costa Rica",Beachside Apartment with Pool,Jun 10 - 15,117,,4.84 (270),2 beds
"Condo in Miami Beach, Florida, US",Oceanfront 16th Floor Brand New Beachfront Flat,Jun 7 - 12,302,,4.83 (683),1 bed
"Chalet in Matapalo, Costa Rica","House1 private swming pool, BBQ ranch, wifi 200mb",Jun 26 - Jul 1,43,,4.83 (108),4 beds
"Apartment in Yachats, Oregon, US",Beachfront Escape Unit #1 at Beachcomber Cottages,Jun 20 - 25,212,,4.54 (151),2 beds
"Condo in Luquillo, Puerto Rico",AHHH-MAZING VIEWS! Beach Front Apt.,Sep 6 - 12,121,,4.88 (490),2 beds
"Apartment in Miami Beach, Florida, US","Modern 1/1, Half a Block from The Ocean",Jun 12 - 17,140,92,4.75 (308),2 beds
"Apartment in Canc√∫n, Mexico",Cancun Suites (Standard Room),Jul 2 - 8,81,140,4.47 (192),3 beds
"Room in La Habana, Cuba",Camera argento in tipica casa coloniale,Jun 19 - 24,42,,4.81 (168),3 beds
"Room in Kihei, Hawaii, US","GARDEN ROOM, private bathroom, separate entrance",Jun 24 - 29,184,,4.96 (284),2 beds
"Home in Jurk√≥w, Poland",Beachfront Cottage on the Lake,Jun 11 - 16,140,141,4.72 (25),4 beds
"Farm stay in ≈ûark√∂y, Turkey",Off-Grid vineyard and olive orchard home.,Jun 7 - 13,144,136,5.0 (9),3 beds
"Cabin in Hvanneyri, Iceland",Mirror House Iceland,Sep 1 - 6,735,75,New,1 bed
"Condo in Fiumicino, Italy",LOVE Attic,Jun 4 - 9,209,,4.85 (178),2 beds
"Place to stay in Hol, Norway",Unik Hobbit Cabin,Jun 1 - 6,221,,4.84 (239),2 beds
"Farm stay in Nyk√∂ping S, Sweden",Simple guesthouse on a farm. Double bed and sofa bed. Free Wi-Fi and parking. WC and living room/kitchenette in separate building,Jun 26 - Jul 1,73,,4.89 (18),2 beds
"Home in Viana do Castelo, Portugal",Amonde Village - Casa P * Comfort & Quality,Jun 18 - 25,168,,4.98 (51),3 beds
"Tower in Gombola, Italy",Tower house Gombola,Jun 4 - 9,166,,4.87 (45),3 beds
"Cabin in Dar≈ºkowo, Poland",hut in the mid. of nowhere + priv pond+3 ha,Jun 1 - 6,181,,4.79 (396),2 beds
"Room in Dassel, Germany",Alte Wasserm√ºhle Friedrichshausen - Eulenstube,Jun 10 - 15,55,,4.96 (25),3 beds
"Farm stay in Montregard, France",Vovady Farm : Roulotte Boh√®me,Jun 1 - 6,82,,4.85 (34),3 beds
"Cabin in G√§llstad, Sweden",Cabin on the countryside close to the small city.,Jun 10 - 15,111,136,4.71 (51),5 beds
"Cabin in Trasquera, Italy",La Barona Chalet,Jun 4 - 9,223,167,4.99 (240),1 bed
"Shepherd‚Äôs hut in Hessisch Lichtenau, Germany","""Lieblingsplatz"" shepherd's hut",Jun 2 - 7,55,,4.96 (24),2 beds
"Tiny home in Draperstown, UK",The Black Shack @ Bancran School,Aug 4 - 9,169,,4.97 (304),3 beds
"Apartment in Biarritz, France",Biarritz Grande Plage 25m2 with Balcony,Jun 1 - 6,176,,4.91 (316),2 beds
"Trullo in Ostuni, Italy",TRULLO ISABELLA,Jun 25 - 30,158,,4.98 (95),4 beds
"Farm stay in Girvan, UK",Secluded Hand crafted log cabin,Jun 5 - 10,139,,5.0 (68),1 bed
"Home in Miazzina, Italy","Baita Vrei (2)""Titta"" - Hut Lago Maggiore",Jun 4 - 9,61,,4.84 (63),2 beds
"Tiny home in Poltimore, UK",Tranquil retreat with fantastic countryside views,Aug 2 - 7,115,,4.92 (227),2 beds
"Villa in Pollina, Italy",Romantic and one-of-a-kind Beachouse,Oct 12 - 17,183,,4.88 (48),4 beds
"Apartment in Rodos, Greece",Central 1bedroom apt by the sea,Oct 10 - 15,61,,4.76 (214),2 beds
"Tiny home in Midmar, UK",Cosy Romantic Cabin with Wood Burning Stove.,Jun 11 - 16,107,,4.96 (274),2 beds
"Farm stay in Agello, Italy",Historic residence surrounded by olive trees,Jun 12 - 17,75,115,4.98 (46),2 beds
"Castle in Vay, France","Stay in the castle, with family or friends",Jun 18 - 23,92,118,4.94 (169),4 beds
"Room in Aljezur, Portugal",XS Village - Arrifana Suite (private bathroom),Jun 24 - 29,100,,4.96 (25),2 beds
"Barn in Rattray, UK",The Loft at the Bonnington Farm,Jun 15 - 21,135,,4.89 (423),1 bed
"Hotel room in Muratpa≈üa, Turkey",KALEƒ∞√áƒ∞ BACCHUS OTEL DENƒ∞Z MANZARALI TATƒ∞L 501,Jun 25 - 30,83,,4.73 (230),1 bed
"Earthen home in Bronwydd Arms, UK",strawbale roundhouse for vegetarian,Jun 29 - Jul 4,108,,4.9 (297),2 beds
"Room in Behren-L√ºbchin, Germany",Wohnung Ruth Herrenhaus Viecheln Anno 1869,Jun 11 - 16,121,,4.97 (34),2 beds
"Home in R√©malard, France","Moulin de Boiscorde, ideal for couples and families",Jun 2 - 7,128,,4.9 (41),3 beds
"Farm stay in Montepulciano, Italy",Rural Tuscany | Wine farm with pool | Terrarossa,Jun 14 - 20,148,,4.33 (6),5 beds
"Cabin in Nowy Targ, Poland",Gruszk√≥wka 1 Cottage (7 km from Bia≈Çka ),Jun 18 - 25,96,,4.98 (86),1 bed
"Shepherd‚Äôs hut in Hollacombe, UK",Woodland Stargazing Cabin,Jun 2 - 7,133,,4.83 (174),1 bed
"Room in London, UK",Room available in Greater London suburb home,May 1 - 6,43,,4.98 (94),1 bed
"Apartment in Megalochori, Greece",Casa Tua,Jun 4 - 9,142,,4.66 (68),1 bed
"Farm stay in Catsfield, UK",CABIN X GPF,Jun 25 - 30,225,,4.99 (239),1 bed
"Room in La Zubia, Spain",Alhambra Trails 2,Jun 6 - 13,94,84,4.78 (36),2 beds
"Chalet in Afa, France",""" La cabane du Gozzi""",Jun 1 - 6,85,66,4.79 (346),2 beds
"Apartment in Ericeira, Portugal",FLH Ericeira Ocean Flat,Jul 16 - 21,216,157,4.45 (187),3 beds
"Room in Rouffignac-de-Sigoul√®s, France",manoir 19 √®me si√®cle LE COUTUREAU isaline,Jun 1 - 6,135,,5.0 (11),1 bed
"Guesthouse in Esche, Germany",Guesthouse an der Vechte,Jul 22 - 27,50,,4.94 (104),2 beds
"Room in Torreglia, Italy",Country House,Jun 11 - 16,69,,4.94 (84),3 beds
"Cave in Mesaria, Greece",Luxury Triple cave room,Jun 12 - 17,129,,4.72 (32),4 beds
"Nature lodge in Highland Council, UK",Elegant Little Wyvis Lodge - Sleeps 2,Jun 2 - 7,159,,4.96 (95),3 beds
"Cabin in Totana, Spain",Rural Aledo - El Estrecho,Jun 18 - 25,76,,4.78 (24),4 beds
"Room in Torreglia, Italy",Country House,Jun 11 - 16,69,66,4.94 (84),2 beds
"Cave in Mesaria, Greece",Luxury Triple cave room,Jun 12 - 17,129,157,4.72 (32),3 beds
"Castle in Winningen, Germany",Magazine - Oskar Schwebel -,Jun 11 - 16,136,99,4.66 (277),4 beds
"Vacation home in Akrotiri, Greece",The North Windmill ‚öì Unique House with View,Jun 9 - 14,184,,4.98 (46),4 beds
"Cabin in Llandissilio, UK",The Llama Lodge - a Log Cabin on a Llama Farm,Jun 4 - 9,205,,4.95 (111),2 beds
"Cottage in Trefeinon, UK",Bumble Bee Cottage,Jun 11 - 16,141,,4.93 (410),4 beds
"Yurt in Cynwyd, UK",Gorgeous yurt in amazing mountain/forest location,Jul 12 - 17,107,,4.91 (339),1 bed
"Apartment in Athina, Greece","Diamond Home 1, romantic gem, 20 min to Acropolis",Jul 5 - 10,112,,4.79 (217),4 beds
"Trullo in Alberobello, Italy",TrulLetto,Jun 4 - 9,114,,4.85 (52),3 beds
"Room in Berlin, Germany",Friedrichshain Beautiful Sunny Room with Balcony,Jul 25 - 31,135,73,5.0 (6),2 beds
"Room in Santa Lucia, Italy",Star Night Room - Van Gogh Hills B&B,Jun 1 - 6,68,,4.91 (23),3 beds
"Barn in Nes P√• Hedmark, Norway","Sommerfj√∏set on Hovelsrud, Helg√∏ya",Jul 14 - 20,328,,4.96 (136),2 beds
"Shipping container in Dirlaught, Ireland",Amazing shipping container house + sea views+ WIFI,Aug 7 - 12,164,,4.91 (43),1 bed
"Apartment in Kadƒ±k√∂y, Turkey",Studio apartment with AC - Suite 3,Jun 17 - 22,34,,5.0 (3),3 beds
"Bungalow in Izmir, Turkey",ƒ∞zmir Bungalow. ( Urla treehouse 1),Jun 8 - 13,74,,4.82 (223),1 bed
"Guesthouse in Perranwell Station, UK",The Folly - Cornwall,Jun 18 - 23,111,,5.0 (11),1 bed
"Apartment in Areti, Greece",Echoes Exclusive Suite,Jun 29 - Jul 6,526,,4.98 (40),2 beds
"Cabin in Millbrook, UK",Romantic Ocean View Couples Retreat Cornwall,Jun 10 - 15,357,,5.0 (61),2 beds
"Guest suite in La Marsa, Tunisia",THE AQUARIUM ‚Ä¶ waterfront üßúüèæ‚Äç‚ôÇÔ∏è,Jun 26 - Jul 1,61,,4.72 (103),3 beds
"Cottage in Benalaur√≠a, Spain","""La Parra"", rural tourism. Your home in paradise.",Sep 16 - 21,67,,4.99 (335),1 bed
"Tiny home in Muldenhammer, Germany",Hascherle Hitt,Jun 5 - 10,86,,5.0 (57),2 beds
"Home in Audierne, France",Villa Trouz Ar Mor,Jul 1 - 6,135,,4.85 (13),2 beds
"Guesthouse in Perranwell Station, UK",The Folly - Cornwall,Jun 18 - 23,111,,5.0 (11),1 bed
"Apartment in Areti, Greece",Echoes Exclusive Suite,Jun 29 - Jul 6,526,,4.98 (40),1 bed
"Dome in Wapnica, Poland",Delightfull Dome with Hot tub & sauna on the beach,Jun 3 - 8,319,,4.98 (52),2 beds
"Guest suite in La Marsa, Tunisia",THE AQUARIUM ‚Ä¶ waterfront üßúüèæ‚Äç‚ôÇÔ∏è,Jun 26 - Jul 1,61,,4.72 (103),2 beds
"Guesthouse in Jonstorp, Sweden",G√§ststuga Knorrasj√∂n,Jun 12 - 17,95,,New,3 beds
"Cabin in La Atalaya, Spain",Caba√±a ecol√≥gica de madera en la naturaleza,Jun 11 - 16,80,,4.79 (14),3 beds
"Tiny home in Vouzela, Portugal",Gallas Pod House,Jun 1 - 6,57,,5.0 (25),2 beds
"Tiny home in Muldenhammer, Germany",Hascherle Hitt,Jun 5 - 10,86,,5.0 (57),1 bed
"Apartment in Thessaloniki, Greece",Waterfront #41Design - CozyCityCenter Flat,Jul 8 - 13,70,,4.84 (546),2 beds
"Home in Audierne, France",Villa Trouz Ar Mor,Jul 1 - 6,135,,4.85 (13),2 beds
"Yurt in Finestrat, Spain",Yurt op Off-Grid Homestead,Jun 4 - 9,49,,4.92 (38),1 bed
"Apartment in Kotor, Montenegro",üíéBoka Bay view apartment.üíé,Jul 8 - 14,93,102,4.69 (218),3 beds
"Home in Chalkida, Greece",Seaside & Garden Single family home,Jun 8 - 13,104,124,4.94 (33),2 beds
"Home in Skopelos, Greece",Del Sol. Studio across the sea 1.,Jun 1 - 6,61,259,New,2 beds
"Loft in Bao≈°iƒái, Montenegro",Porto Bello Lux ( Sea View & Swimming Pool),Jun 5 - 10,58,,4.9 (110),4 beds
"Home in Atouguia da Baleia, Portugal","Spectacular view of Supertubos beach, Peniche",Oct 1 - 6,126,,4.82 (34),3 beds
"Home in Bad Sankt Leonhard im Lavanttal, Austria",1A chalet resting crickets + hiking with indoor sauna,Jun 22 - 27,123,,4.67 (110),3 beds
"Vacation home in Punta Prima, Spain",Beachfront apartment with perfect seaview,Jun 1 - 6,231,,4.85 (204),4 beds
"Home in Vaiano, Italy",Casale La Quercia - Tuscany country house,Jun 21 - 26,111,,4.94 (530),2 beds
"Cabin in County Wicklow, Ireland",House with breathtaking views!,Jul 16 - 21,222,,4.97 (104),3 beds
"Home in Las Negras, Spain",La Casita de Las Negras,Jun 14 - 19,370,,4.85 (26),4 beds
"Cabin in Serrazone, Italy",King's Windmill - A little house in the woods,Jul 21 - 26,111,,4.54 (201),2 beds
"Lighthouse in Ploemeur, France",Q3 BNB Premium Residence - The Engineering Tower,Jun 5 - 10,147,,4.8 (10),1 bed
"Campsite in Rif, Iceland",Washitsu.Casa camper Parking place w/house access,Jun 1 - 6,16,,None,1 bed
"Home in Chalkida, Greece",Seaside & Garden Single family home,Jun 8 - 13,104,154,4.94 (33),2 beds
"Home in Skopelos, Greece",Del Sol. Studio across the sea 1.,Jun 1 - 6,61,73,New,2 beds
"Loft in Bao≈°iƒái, Montenegro",Porto Bello Lux ( Sea View & Swimming Pool),Jun 5 - 10,58,124,4.9 (110),4 beds
"Shepherd‚Äôs hut in County Durham, UK",Ben's hat,Jun 18 - 23,82,113,4.92 (356),2 beds
"Home in Bad Sankt Leonhard im Lavanttal, Austria",1A chalet resting crickets + hiking with indoor sauna,Jun 22 - 27,123,,4.67 (110),3 beds
"Vacation home in Punta Prima, Spain",Beachfront apartment with perfect seaview,Jun 1 - 6,231,,4.85 (204),4 beds
"Room in Wien, Austria",Central luxury /Hauptbahnhof,Sep 17 - 22,92,,5.0 (9),3 beds
"Cabin in County Wicklow, Ireland",House with breathtaking views!,Jul 16 - 21,222,,4.85 (26),2 beds
"Cabin in Serrazone, Italy",King's Windmill - A little house in the woods,Jul 21 - 26,111,,4.54 (201),1 bed
"Treehouse in Mons, France",Delightful rustic treehouse,Jun 1 - 6,42,,4.67 (9),1 bed
"Condo in Roviano, Italy",Apartment-Mansarda Vista Castello,Jun 8 - 13,61,,5.0 (8),4 beds
"Home in Jumilhac-le-Grand, France",Bettyjems Stage Refuge,Jun 21 - 28,20,,None,4 beds
"Cabin in Rosenthal-Bielatal, Germany",Mountain hut in the Elbe sandstone with log cabin sauna,Jun 4 - 9,98,66,4.78 (169),4 beds
"Dome in Atzeneta del Maestrat, Spain",Private domed Copula @ Free Spirit horse refuge,Jun 1 - 6,63,114,4.61 (154),3 beds
"Home in Taktikoupoli, Greece",Levanda Home,Oct 10 - 17,73,,4.91 (147),2 beds
"Apartment in Le Relecq-Kerhuon, France",Face √† la mer Brestoise,Jun 1 - 6,87,,New,3 beds
"Room in Halsham, UK",King bedroom in historic house with garden access,Jun 4 - 9,92,,4.96 (24),2 beds
"Camper/RV in Wettringen, Germany",Trailer Paradise Ivonete _unwind,Jun 10 - 15,46,,4.97 (71),3 beds
"Home in Ot√≠var, Spain","Views to the valley, Wi-Fi, Air-Con, terrace,",Jun 11 - 18,79,,4.88 (140),2 beds
"Home in Castelmezzano, Italy",Casa del Mago - Castelmezzano,Jun 12 - 17,93,,4.78 (100),3 beds
"Earthen home in La Canourgue, France",canopy house,Jun 27 - Jul 2,81,,4.81 (212),4 beds
"Hut in Ubud, Indonesia",Bali Bamboo House | Rescape Ubud - Relief Villa,Oct 29 - Nov 3,171,,4.79 (164),1 bed
"Treehouse in Balamban, Philippines",Treehouse De Valentine,Jun 15 - 20,255,,4.91 (147),5 beds
"Villa in Tampaksiring, Indonesia",Luxury 5 BDR Resort w/ Gym & Ricefield View,Sep 12 - 17,506,,4.78 (101),5 beds
"Villa in Kecamatan Ubud, Indonesia",Elegant & luxurious 3 BR villa rice-fields pano,Jun 21 - 26,322,,4.65 (94),4 beds
"Villa in Tabanan, Indonesia",Exclusive Beach Villa - Balian Beach,Jun 1 - 6,240,,4.8 (105),4 beds
"Villa in Singaraja, Indonesia","180¬∞ VIEW, PRIVATE POOL VILLA..",Jun 11 - 16,206,,4.93 (355),1 bed
"Villa in Nusa Ceningan, Indonesia",Beautiful villa on the edge of BLUE LAGOON,Jun 1 - 6,264,,4.83 (1239),1 bed
"Villa in ‡πÄ‡∏Å‡∏≤‡∏∞‡∏û‡∏á‡∏±‡∏ô, Thailand","Palma Villa, Spectacular Sea View Villa with Pool",Jul 17 - 22,238,,5.0 (13),2 beds
"Villa in Tegallalang, Indonesia",Luxurious Private Pool Villa with Garden North of Ubud,Oct 14 - 19,126,,4.92 (166),2 beds
"Bungalow in Ubud, Indonesia",Pondok Prapen -Ubud Center Private Pool Villa,Jun 15 - 20,217,,4.89 (333),3 beds
"Home in Ko Samui, Thailand",the naked house,Jun 5 - 10,205,,4.88 (183),7 beds
"Home in Mabini, Philippines",Bathing Private Exclusive Cottage,Jun 12 - 17,183,,4.91 (181),6 beds
"Apartment in Muang Pattaya, Thailand",[VR] 2BR High Skyline Ocean View @ Pattaya,Jun 5 - 10,136,62,4.69 (85),3 beds
"Villa in Ko Lanta District, Thailand","DEEPSPACE villa X1 ,Secret Address on Quiet Beach",Jun 6 - 11,164,24,4.7 (47),3 beds
"Place to stay in Balian Beach, Indonesia",BALIAN TREEHOUSE 2 - with private pool,Jul 21 - 28,131,39,4.89 (140),3 beds
"Condo in Khet Watthana, Thailand","„ÄêCENTRAL STUDIO„Äë0-min BTS ASOK, FAST WIFI, NETFLIX",Jun 1 - 6,58,,4.74 (252),4 beds
"Earthen home in Ao nang, Thailand",Seaview Bedrock Home,Jun 1 - 6,131,,4.8 (35),3 beds
"Villa in Langkawi, Malaysia",Alamanda Tropical Wooden Villa - Pool View,Jun 15 - 20,97,,4.87 (196),2 beds
"Villa in Koh Lanta Island, Thailand",Perch Villa - Clifftop villa spectacular sea view,Jun 6 - 11,162,,4.94 (71),1 bed
"Guesthouse in Kecamatan Kuta Utara, Indonesia",Tropical Private Room Canggu 3 by Rios Guest House,Aug 4 - 11,33,,4.86 (7),3 beds
"Cabin in Kecamatan Ubud, Indonesia",Samu House. Tropical stay private pool.Adults Only,Sep 29 - Oct 4,108,110,4.84 (106),1 bed
"Treehouse in Tampaksiring, Indonesia",umatreehouse,Nov 16 - 21,133,,4.93 (164),1 bed
"Treehouse in Ubud, Indonesia","Promo Price! Magical Treehouse, Stunning Views.",Aug 23 - 30,280,,4.78 (528),4 beds
"Treehouse in Klungkung, Indonesia",Cliffside Bamboo Treehouse - Private Pool & View,Nov 14 - 19,484,,5.0 (59),1 bed
"Cabin in Klungkung, Indonesia",Dreamy Cliffside Bamboo Villa with Pool and View,Nov 5 - 10,484,,4.98 (58),1 bed
"Treehouse in Kabupaten Buleleng, Indonesia",Seaside Designer Treehouse ~ Stunning Views ~ Pool,Jun 13 - 18,121,,4.75 (4),1 bed
"Hut in Ubud, Indonesia",50% OFF | Ipian Jiwa Eco Bamboo Uniquely Escape,Oct 11 - 16,89,,4.67 (128),6 beds
"Hotel in Kecamatan Ubud, Indonesia",Stunning Room Near Ubud Market - Outdoor Pool!!,Sep 14 - 20,44,,4.78 (358),1 bed
"Hotel in Tambon Ratsada, Thailand",Hotel Room with Private Plunge Pool Siray Bay#2,Jun 13 - 18,71,,5.0 (13),1 bed
"Guest suite in Bingin Beach, Indonesia",Suite 2 - Beachfront Luxury Suite on Bingin Beach,Oct 16 - 21,267,,4.93 (96),1 bed
"Villa in Bacnotan, La Union, Philippines","Private Modern Beachfront Villa: Pool, Sunset View",Jun 28 - Jul 3,628,189,5.0 (15),6 beds
"Hotel in Tambon Ratsada, Thailand",Hotel Room with Private Plunge Pool Siray Bay#2,Jun 13 - 18,71,,5.0 (13),1 bed
"Treehouse in Klungkung, Indonesia",3 Bdr - The Dream Cliffside Bamboo Villa By Avana,Aug 3 - 8,913,,4.97 (30),1 bed
"Villa in Kecamatan Ubud, Indonesia",Madara Ubud Villas,Aug 2 - 7,194,,4.83 (129),2 beds
"Shipping container in Tambon Bo Put, Thailand",New 2BR+2Bath Eco Home,Jul 24 - 29,53,,4.73 (11),2 beds
"Place to stay in Penebel, Indonesia",Le Aiken Xperience - Unique Bamboo House,Aug 30 - Sep 4,252,,4.69 (94),2 beds
"Home in Kecamatan Tampaksiring, Indonesia",Six-Bamboo Villa in Eco Six Bali Resort,Sep 30 - Oct 6,458,,5.0 (5),1 bed
"Home in Tegallalang, Indonesia",Romantic hideaway for two,Oct 25 - 30,33,,4.97 (229),2 beds
"Apartment in Nasugbu, Philippines",PICO DE LORO ( Santorini Vibe),Jun 25 - 30,112,,4.88 (16),4 beds
"Villa in Kecamatan Tampaksiring, Indonesia",*NEW* Lovely New 3BR Villa Stunning Jungle View,Sep 12 - 17,381,,4.7 (69),1 bed
"Villa in South Kuta, Indonesia",Nalu Bingin - 1 Bedroom Villa,Sep 25 - 30,202,,5.0 (5),2 beds
"Condo in Johor Bahru, Malaysia","Baby & kids friendly, JB CIQ, Romantic Duplex",Jun 25 - 30,75,229,4.82 (182),2 beds
"Tiny home in Concepcion, Philippines",Tiny House by The Modern Escape,Jul 3 - 8,128,103,5.0 (32),2 beds
"Villa in Kecamatan Kuta Utara, Indonesia",Gorgeous luxury 1 bedroom villa in heart of Canggu,Sep 9 - 14,325,,4.87 (47),1 bed
"Villa in Ubud, Indonesia",Ceylon Villas 4 - 1BR Villa! 5 mins to Ubud üå¥,Nov 23 - 28,125,,4.92 (184),1 bed
"Hut in Kecamatan Ubud, Indonesia","DAY CLOUDS, Ubud",Jul 20 - 25,72,,4.59 (122),1 bed
"Cabin in Kecamatan Sukasada, Indonesia",Wanagiri Cabin,Nov 1 - 7,148,,4.97 (29),2 beds
"Treehouse in Kecamatan Ubud, Indonesia",Bamboo Turtle cabin river view 5km to Ubud center,Jul 9 - 14,118,,4.88 (75),1 bed
"Home in Kecamatan Ubud, Indonesia",PROMO! Luxury Villa Escape in Ubud 2 BR,Sep 1 - 6,306,,5.0 (4),2 beds
"Apartment in Candidasa, Indonesia",Villa Sea Spray Bali Cowrie literally on the Ocean,Aug 19 - 24,130,,4.79 (112),2 beds
"Home in Kecamatan Selat, Indonesia",The Nude House,Jul 10 - 15,305,,4.68 (19),2 beds
"Treehouse in Kecamatan Ubud, Indonesia",Bamboo Turtle cabin river view 5km to Ubud center,Jul 9 - 14,118,172,4.88 (75),1 bed
"Home in Kecamatan Ubud, Indonesia",PROMO! Luxury Villa Escape in Ubud 2 BR,Sep 1 - 6,306,63,5.0 (4),2 beds
"Home in Kecamatan Selat, Indonesia",The Nude House,Jul 10 - 15,305,,4.68 (19),2 beds
"Villa in Kecamatan Banjar, Indonesia",‚ù§PROMO Beachfront oasis. Private pool and firepit,Jun 16 - 21,189,,4.74 (46),4 beds
"Condo in Federal Territory of Kuala Lumpur,, Malaysia",Arte Mont Kiara Muji Suites,Jun 4 - 11,51,,4.59 (406),3 beds
"Resort in Tambon Maret, Thailand",DELUXE SEA VIEW + Hot Tub @Koh Samui,Jun 2 - 7,72,31,4.63 (16),1 bed
"Apartment in Phuket, Thailand","Luxury room & Sky pool, in Phuket town",Jun 8 - 13,40,73,4.81 (210),1 bed
"Tent in Kintamani, Indonesia",Mt Batur Sunrise & overnight,Jun 11 - 16,42,,4.97 (29),1 bed
"Room in Kabupaten Badung, Indonesia",Private room4 Legian/breakfast/close to Kuta beach,Jun 6 - 11,81,,4.91 (34),1 bed
"Apartment in PHUKET, Thailand",‚òÖStudio in Seafront Private Villa w/infinity pool‚òÖ,Jun 30 - Jul 5,53,,4.83 (93),3 beds
"Condo in Na Chom Thian, Thailand",Veranda Residence pattaya 2bedroom partial seaview,Jun 6 - 11,83,,4.89 (186),2 beds
"Home in Hua Hin, Thailand",Cool Home w Garden near Sea,Jul 6 - 11,77,,4.81 (360),2 beds
"Villa in General Luna, Philippines",Oceanfront Pool Villa,Jul 30 - Aug 5,163,,4.96 (23),2 beds
"Condo in George Town, Malaysia",Lovely 1 Bedroom Suite with Pool View,Jun 5 - 10,26,,4.27 (56),3 beds
"Apartment in Phuket, Thailand","Luxury room & Sky pool, in Phuket town",Jun 8 - 13,40,31,4.81 (210),1 bed
"Room in Kabupaten Badung, Indonesia",Private room4 Legian/breakfast/close to Kuta beach,Jun 6 - 11,81,,4.91 (34),1 bed
"Apartment in PHUKET, Thailand",‚òÖStudio in Seafront Private Villa w/infinity pool‚òÖ,Jun 30 - Jul 5,53,,4.83 (93),3 beds
"Condo in Na Chom Thian, Thailand",Veranda Residence pattaya 2bedroom partial seaview,Jun 6 - 11,83,,4.89 (186),2 beds
"Home in Hua Hin, Thailand",Cool Home w Garden near Sea,Jul 6 - 11,77,,4.81 (360),2 beds
"Tiny home in Kabupaten Tabanan, Indonesia",Balian Beachfront Luxury Tiny House,Jun 5 - 10,186,,5.0 (19),4 beds
"Treehouse in Bali, Indonesia",Lounge Poolside Under Lush Greenery at an Organic Bamboo Pad,Jul 3 - 8,69,,4.71 (98),2 beds
"Apartment in PHUKET, Thailand",Studio in Beachfront Private Villa w/Infinity pool,Jun 18 - 23,38,,4.88 (64),2 beds
"Room in Phuket, Thailand",Grand Seaview Pool Suite ‚Ä¢,Jun 1 - 6,111,,4.85 (26),2 beds
"Home in ‡∏ï‡∏≥‡∏ö‡∏• ‡∏ö‡πâ‡∏≤‡∏ô‡πÉ‡∏ï‡πâ, Thailand","‚ù§Ô∏èTHE LOFT, Romantic Beachfront Home, HIN KONG.",Aug 18 - 23,198,,4.96 (56),2 beds
"Home in ‡∏ï‡∏≥‡∏ö‡∏• ‡∏ö‡πâ‡∏≤‡∏ô‡πÉ‡∏ï‡πâ, Thailand","‚ù§Ô∏èTHE LOFT, Romantic Beachfront Home, HIN KONG.",Aug 18 - 23,198,182,4.96 (56),2 beds
"Home in Lembang, Indonesia",Minimax House by wiandra,Jun 3 - 8,96,32,4.84 (81),4 beds
"Condo in Melaka, Malaysia",B1731/Seaview/5 mine drive to Jonker/Imperio/4 pax,Jun 13 - 19,23,33,4.54 (209),3 beds
"Room in Ko Samui District, Thailand",Villa The Spot - Room B6,Jun 3 - 8,127,,4.75 (28),1 bed
"Condo in Bayan Lepas, Malaysia",Cozy Seafront Studio Suite Near Queensbay,Jun 25 - 30,52,,4.83 (263),1 bed
"Hut in Kecamatan Selat, Indonesia",GLAMPING Experience with an INFINITY POOL,Jun 22 - 27,79,,4.8 (45),2 beds
"Apartment in Kuala Lumpur, Malaysia",1min KLCC Twin Tower & Pavilion/Ins cottage for best memories,Jun 25 - 30,38,,4.91 (278),2 beds
"Condo in Cebu City, Philippines",5-Star Experience at the Heart of Cebu,Aug 9 - 16,49,,4.96 (280),3 beds
"Bungalow in Antipolo, Philippines",Antipolo - Secluded and Romantic,Jun 4 - 9,143,,4.87 (478),3 beds
"Room in San Juan, Philippines",Alon and Sandy Surf Shack GFloor (Air Conditioned),Jun 10 - 16,129,,4.62 (145),3 beds
"Condo in Manila, Philippines","Amazing Manila Bay View! Spacious Comfy, Clean *31",Jun 11 - 16,69,177,4.9 (154),2 beds
"Apartment in Thalang, Thailand",Luxurious private 2bedrm seafront Phuket penthouse,Sep 2 - 7,286,57,4.92 (185),2 beds
"Condo in Tagaytay, Philippines",Serenity Tagaytay Home w/ WIFI & NETFLIX,Jun 11 - 16,30,34,4.79 (447),3 beds
"Apartment in Melaka, Malaysia",B1933B/5 min drive to Jonker/Seaview/Imperio/4 pax,Jun 18 - 24,24,47,4.69 (196),4 beds
"Villa in Phu Quoc, Vietnam",H&B Villas Phu Quoc - 3 Bedrooms,Jun 1 - 6,252,,5.0 (20),4 beds
"Condo in Pasig, Philippines",A Chic and Cozy 2Br Unit w/ Netflix and Disney+,Jun 4 - 9,34,,4.94 (295),6 beds
"Cabin in Tambon Ko Pha-ngan, Thailand","BOHO CABIN, Hin Kong Beachfront, West Coast.",Jul 7 - 12,132,,4.98 (44),2 beds
"Cabin in Lazi, Philippines",Enchanted River cabin w/private garden and kitchen,Aug 19 - 24,51,,4.85 (127),2 beds
"Condo in Cebu City, Philippines",Cozy City Condo at Horizons 101 [ W/ WIFI ].,Jun 5 - 10,26,,4.44 (220),2 beds
"Apartment in Tambon Patong, Thailand",SUNSET SEAVIEW DELUXE PATONG - POOL+TERRACE,Jun 25 - 30,64,,4.8 (159),4 beds
"Apartment in Tambon Rawai, Thailand",Appartment 140 sqm 6 people big terrace sea view,Jun 14 - 19,111,,4.91 (160),2 beds
"Loft in George Town, Malaysia",Coastline Seaview Duplex Level 19 Executive Floor,Jun 4 - 9,87,16,4.92 (437),6 beds
"Hotel in Nha Trang, Vietnam",VENUE HOTEL-20% Superior City NiceWindow#Good Rate,Jun 4 - 9,17,177,4.35 (17),1 bed
"Farm stay in Gianyar, Indonesia","Bebalilodge, one bedroom house with private pool",Oct 30 - Nov 4,76,57,4.97 (153),1 bed
"Apartment in Tambon Kamala, Thailand",(A)Charming Pool Access One Bedroom Apartment,Jun 3 - 8,65,66,4.82 (68),2 beds
"Condo in Cebu City, Philippines",Cozy City Condo at Horizons 101 [ W/ WIFI ].,Jun 5 - 10,26,,4.44 (220),2 beds
"Apartment in Tambon Patong, Thailand",SUNSET SEAVIEW DELUXE PATONG - POOL+TERRACE,Jun 25 - 30,64,,4.8 (159),2 beds
"Condo in Chiang Mai, Thailand",Cozy room 48.5 sq.m @The Astra near Night market,Jun 7 - 12,45,,4.89 (190),2 beds
"Condo in Tambon Thep Krasatti, Thailand",2 Bedrooms Beachfront on Maikhao Beach B#7F,Jun 1 - 6,90,,4.6 (65),2 beds
"Room in Tebet, Indonesia",The LOJI @ Patra Kuningan # 3,Jun 30 - Jul 5,24,,4.83 (69),2 beds
"Condo in Cebu City, Philippines",Cozy Studio across Ayala Mall iT Park 1min walk,Jul 20 - 25,26,,4.78 (235),1 bed
"Apartment in Tambon Kamala, Thailand",(A)Charming Pool Access One Bedroom Apartment,Jun 3 - 8,65,22,4.82 (68),2 beds
"Condo in Cebu City, Philippines",Cozy City Condo at Horizons 101 [ W/ WIFI ].,Jun 5 - 10,26,,4.44 (220),2 beds
"Apartment in Tambon Patong, Thailand",SUNSET SEAVIEW DELUXE PATONG - POOL+TERRACE,Jun 25 - 30,64,,4.8 (159),2 beds
"Condo in Chiang Mai, Thailand",Cozy room 48.5 sq.m @The Astra near Night market,Jun 7 - 12,45,,4.89 (190),2 beds
"Condo in Melaka, Malaysia",B2733/Seaview/5mins to Jonker/Imperio/Studio/4pax,Jun 4 - 10,30,,4.71 (230),3 beds
"Condo in Cyberjaya, Malaysia",Kanvas Soho / KLIA / FREE WIFI 500mbps,Jun 4 - 9,24,,4.8 (410),2 beds
"Apartment in Pasay, Philippines",Comfy-Cozy-Cheap @ NAIA 3 near RW w/ NETFLIX,Jul 25 - 30,33,573,4.86 (692),3 beds
"Apartment in Patong, Thailand","Endless Patong Ocean View from a Hilltop Condominium, Phuket",Jun 1 - 8,56,100,4.95 (252),4 beds
"Villa in Uluwatu, Indonesia","Spectacular Ocean View Villa in Uluwatu, Bali",Jun 14 - 19,673,,4.94 (143),2 beds
"Room in Ubud, Indonesia",Luxury Villa in Ubud,Jun 10 - 15,65,,4.91 (54),3 beds
"Apartment in Kuala Lumpur, Malaysia",Admire Deluxe Marble Walls at a Highrise Resort Home,Jun 2 - 7,85,,4.85 (135),2 beds
"Condo in Melaka, Malaysia",B1706/5 mins drive to Jonker/Imperio/Studio/4pax,Jun 1 - 7,29,,4.79 (195),1 bed
"Room in Kecamatan Ubud, Indonesia",Odesa Villa1 Ubud close to center,Jun 11 - 16,29,,5.0 (9),1 bed
"Hotel room in Ubud, Indonesia","Malay villa, Best views in Ubud!",Jun 8 - 13,167,,4.77 (119),1 bed
"Room in Khlong Ton Sai, Khlong San, Thailand",*Hidden Oasis Bangkok 1 | Near ICONSIAM,Jul 2 - 7,28,,4.86 (166),1 bed
"Home in Tambon Bo Put, Thailand",Directly on the beach-for animal lovers only,Jun 1 - 6,144,,5.0 (27),1 bed
"Place to stay in Kamala, Thailand","Maphrao in Kamala, accommodation on the beach",Jun 3 - 10,49,,4.89 (37),1 bed
"Room in El Nido, Philippines",A Divers Home: beachfront room with sunset view,Jun 26 - Jul 2,34,,4.89 (98),1 bed
Home in Telluride,Architectural Masterpiece | Best View in Telluride,May 1 - 6,732,,4.97 (76),5 beds
Cabin in West Farmington,The Triangle: A-Frame Cabin for your city retreat,May 1 - 6,123,,4.91 (515),4 beds
Tiny home in Sandy Valley,Peacock Tiny House near Las Vegas,May 1 - 6,155,,4.92 (744),2 beds
Cabin in Fredonia,"Tiny House Cozy Cabin by Zion, Grand Canyon, Bryce",May 1 - 6,188,,5.0 (611),4 beds
Treehouse in Dahlonega,Nature‚Äôs Nook- A Modern Treehouse Near Wineries,May 1 - 6,336,,4.94 (163),3 beds
Farm stay in Sandy Valley,Conestoga Wagon on Dude Ranch NEAR LAS VEGAS,May 1 - 6,147,,4.86 (196),1 bed
Treehouse in Fernwood,Crystal Peak Lookout üå≤,May 5 - 10,230,,4.88 (470),3 beds
Cabin in Packwood,Heartwood Cabin at Mt. Rainier,May 1 - 6,354,,4.98 (246),3 beds
Treehouse in Fredericksburg,The Leaf Treehouse,May 1 - 6,641,,4.99 (339),2 beds
Cabin in Bryson City,Secluded View! A-Frame Hot Tub and Fire Pit,May 1 - 6,361,,4.95 (20),2 beds
Cabin in Branson,Lakefront A-Frame Cabin on Table Rock Lake,May 1 - 6,129,,4.86 (22),2 beds
Home in Livingston,The Cargill-Earl Guesthouse at Erik's Ranch,May 1 - 6,426,,4.88 (323),3 beds
Home in Scottsdale,Diamond Desert Escape,May 3 - 8,384,,4.97 (34),5 beds
Home in Fairlee,Cozy Bow House Perched in Trees w/ Hot Tub & View,May 1 - 6,244,,4.95 (344),5 beds
Cabin in Urbana,The Cabin at Maple View - Accepting Reservations,May 1 - 6,123,,4.99 (599),2 beds
Cabin in Martin City,Romantic Cabin - 9 miles to Glacier National Park,May 1 - 6,171,,4.91 (237),2 beds
Cabin in Livingston,10-Acre Yellowstone Cabin w/Stunning Mtn View,May 1 - 6,222,,4.93 (101),4 beds
Condo in Avalon,"The Big Blue, 1 BR+Den!",May 1 - 6,597,,4.79 (539),2 beds
Home in Destin,Villa Loggia! 5min walk to Prvt Beach/pool/SmartTV,May 6 - 11,417,,4.94 (34),6 beds
Cabin in Crivitz,"Scenic, Serene Lakefront Cabin ‚Äî Wood Stove",May 1 - 6,149,,4.99 (72),3 beds
Tiny home in Lakeside,The Stillwater at Stoner Creek Cabins,May 1 - 6,178,,5.0 (211),1 bed
Home in Half Moon Bay,A little piece of heaven...,May 1 - 6,950,,4.88 (180),4 beds
Cabin in Martin City,Romantic Cabin - 9 miles to Glacier National Park,May 1 - 6,171,,4.91 (237),2 beds
Condo in Avalon,"The Big Blue, 1 BR+Den!",May 1 - 6,597,,4.79 (539),2 beds
Home in Henderson,Beautiful pool home near strip,May 1 - 6,252,,5.0 (15),3 beds
Home in Destin,Villa Loggia! 5min walk to Prvt Beach/pool/SmartTV,May 6 - 11,417,,4.94 (34),6 beds
Tiny home in Lakeside,The Stillwater at Stoner Creek Cabins,May 1 - 6,178,,5.0 (211),1 bed
Condo in Orange Beach,Totally Beachin - Condo with Stunning Ocean Views,May 1 - 6,287,,4.69 (75),6 beds
Cabin in Clyde,Moonlit Chalet,May 1 - 6,175,,4.87 (173),2 beds
Home in Wilmington,Atlantic Coast Dome Home Across from Sound w/ View,May 19 - 24,244,,4.96 (47),2 beds
Home in Cape Coral,Welcome to our Modern Cape Escape with Heated Pool,May 1 - 6,233,,4.96 (28),5 beds
Vacation home in Klamath Falls,The 'Easy A' Cabin in Rocky Point,May 1 - 6,202,,4.82 (82),3 beds
Condo in Daytona Beach,Luxury One Bedroom Condo with private balcony,May 1 - 6,123,,4.9 (106),3 beds
Home in St. Augustine,"""Swan Ocean"" Beach House on Vilano Beach",May 1 - 6,955,,4.88 (60),6 beds
Condo in New Smyrna Beach,Coastal Waters 214-2nd floor ocean view condo,May 1 - 6,168,,4.47 (43),2 beds
Home in Eustis,Lake House Minutes to Downtown Mt. Dora and Eustis,May 1 - 6,173,,4.99 (179),2 beds
Tiny home in White Pigeon,Circle J Bed & Breakfast,May 1 - 6,92,,4.97 (528),2 beds
Cabin in Cripple Creek,"Hillside Cripple Creek Cabin w/Hot Tub, Mtn Views!",May 1 - 6,196,,4.93 (72),3 beds
Cabin in Moab,Basic Cabin #1 - Sleeps 4 - OK-C1,May 6 - 11,125,,4.86 (233),3 beds
Home in Petersburg,ONLY 1.5 Miles from the Creation Museum!,May 1 - 6,124,,4.89 (170),4 beds
Home in Twentynine Palms,"Blue Oasis | King Bed | Feel Far, Be Close Dogs ok",May 1 - 6,155,,4.94 (258),2 beds
Room in McKinney,Garden Gate Getaway,May 1 - 6,53,,4.88 (110),2 beds
Home in El Prado,"Taos Skybox ""Stargazer"" High Desert Retreat",May 1 - 6,184,,4.93 (61),1 bed
Cottage in Los Angeles,Private Modern Guesthouse near Mulholland Drive,May 1 - 6,151,,4.93 (555),2 beds
Home in Summertown,Water side Cozy cabin,May 1 - 6,98,,4.91 (318),4 beds
Guesthouse in Escondido,Hilltop cabin retreat with lake & mountain views,May 1 - 6,188,,4.93 (551),5 beds
Townhouse in Kissimmee,Brand New 3 beds at Solara Resort,May 1 - 6,155,,4.83 (12),2 beds
Cabin in Gold Bar,New lux cabin w/mount index view,May 1 - 6,276,,4.86 (7),1 bed
Treehouse in Watsonville,Redwood Treehouse Santa Cruz Mtns.,May 5 - 10,190,,4.89 (932),2 beds
Condo in Kissimmee,Mickey Mouse Themed Getaway next to Disney 1,May 1 - 6,115,,4.84 (295),4 beds
Home in Ellington,Crystal Lake House,May 1 - 6,155,,5.0 (9),4 beds
Home in Orlando,The Orlando Retreat.,May 1 - 6,230,,4.95 (78),4 beds
Cabin in Newry,Cozy Cabin on Sunday River ~,May 1 - 6,202,,4.93 (41),2 beds
Tiny home in Greer,*BRAND NEW* Tiny Village Retreat,May 1 - 6,90,,5.0 (86),2 beds
Tiny home in Greer,Modern Cabin Tiny Retreat,May 1 - 6,90,,4.98 (558),3 beds
Apartment in Orlando,Cozy Studio close to Universal,May 1 - 6,82,,4.2 (148),2 beds
Cabin in Blue Ridge,Beaver Bungalow - Long Range Mountain Views,May 1 - 6,163,,4.96 (77),2 beds
Condo in Destin,"Sea Squirrel, Beach views in Crystal Beach",May 1 - 6,246,,4.78 (9),1 bed
Apartment in Orlando,Newly remodeled! Condo in Center of All The Action,May 1 - 6,100,,4.49 (372),2 beds
Place to stay in Wapwallopen,"Peaceful, authentic, rustic log cabin in the woods",May 4 - 9,132,,4.98 (106),2 beds
Cottage in Crozet,Idyllic Cottage Retreat,May 1 - 6,188,,4.86 (14),2 beds
Cabin in Leicester,Cabin Kisa,May 1 - 6,106,,5.0 (7),1 bed
Apartment in Kissimmee,Special Offer Storey Lake 2Bedr 2Bath Free Waterpark BE307,May 1 - 6,134,,4.79 (73),4 beds
Cabin in Leicester,Cabin Kisa,May 1 - 6,106,610,5.0 (7),1 bed
Apartment in Kissimmee,Special Offer Storey Lake 2Bedr 2Bath Free Waterpark BE307,May 1 - 6,134,120,4.79 (73),4 beds
Cabin in Lancing,Creekside Cabin at Shady Grove Farm,May 1 - 6,90,135,4.97 (476),2 beds
Villa in Miramar,Modern Retreat with King Bed-Heated Pool-and Grill,May 1 - 6,494,,5.0 (33),6 beds
Apartment in Santa Monica,Venice Canals Sanctuary,May 1 - 6,374,,4.93 (107),2 beds
Cabin in Sevierville,Sugar Bear Hollow,May 1 - 6,219,,4.96 (91),3 beds
Condo in Kissimmee,10 mins to Disney-Hot tub-Queen Puffy Lux bed,May 2 - 7,213,,4.82 (74),3 beds
Apartment in Fernandina Beach,Largest 1 Bed 2 bath in Amelia Surf & Racquet Club,May 1 - 6,306,,New,2 beds
Condo in Panama City Beach,300 STEPS TO THE BEACH-BEST 1 BEDROOM DEAL IN TOWN,May 1 - 6,169,,4.68 (57),2 beds
Room in New York,Private room(s) in a Renovated Manhattan Townhouse,May 1 - 6,259,,4.94 (16),2 beds
Condo in Miami,Luxurious brickell apartment 38thfloor ocean view,May 1 - 6,239,,4.69 (51),2 beds
Loft in Chicago,"Lakeview Loft-Vintage Chicago, Modern Amenities",May 1 - 6,126,,4.96 (343),3 beds
Cottage in Kissimmee,"JU Super Duper Tiny House, 15 minutes to Disney",May 1 - 6,98,,4.95 (400),3 beds
Apartment in Orlando,Excellent suite to enjoy near Disney.,May 1 - 6,90,218,4.71 (241),2 beds
Condo in Panama City Beach,300 STEPS TO THE BEACH-BEST 1 BEDROOM DEAL IN TOWN,May 1 - 6,169,,4.68 (57),2 beds
Room in New York,Private room(s) in a Renovated Manhattan Townhouse,May 1 - 6,259,,4.94 (16),2 beds
Condo in Miami,Luxurious brickell apartment 38thfloor ocean view,May 1 - 6,239,,4.69 (51),2 beds
Loft in Chicago,"Lakeview Loft-Vintage Chicago, Modern Amenities",May 1 - 6,126,,4.96 (343),3 beds
Cottage in Kissimmee,"JU Super Duper Tiny House, 15 minutes to Disney",May 1 - 6,98,,4.95 (400),4 beds
Home in DeFuniak Springs,On Juniper Lake w/Boat Dock Near 30A!,May 1 - 6,113,,4.79 (19),4 beds
Condo in Fort Walton Beach,Ft Walton cozy condo w/ on-site pool. Near beaches,May 1 - 6,145,,4.73 (249),3 beds
Apartment in Sarasota,Private Bay area home !,May 1 - 6,117,,4.67 (3),3 beds
Cabin in Kanab,Altitude Adjustment,May 10 - 15,208,,4.98 (161),4 beds
Room in Carlisle,Stuart Manor Bed and Breakfast,May 1 - 6,223,,5.0 (26),2 beds
Condo in Pensacola,The Beach Couldn't Be Any Closer!,May 1 - 6,260,,4.9 (145),6 beds
Apartment in Richmond,Point Richmond Top Floor Studio with Bay views,May 1 - 6,153,,4.95 (128),6 beds
Guest suite in Trinidad,Cottage by the Sea,May 1 - 6,138,,4.92 (554),6 beds
Home in Kissimmee,House by the Mouse: Something for Everyone!,May 19 - 24,250,,4.89 (157),6 beds
Apartment in Houston,King Suite/Sky Lounge/Luxurious Experience.,May 1 - 6,108,148,4.85 (55),2 beds
Cabin in Fountain Green,"Cozy Private Mountain Cabin on 1,000 acre property",May 1 - 6,186,103,4.96 (78),4 beds
Room in New York,"Lovely Private Room-Manhattan, 70s-Upper East Side",May 1 - 6,199,,4.93 (30),1 bed
Cottage in Islamorada,1 BD PRIVATE HOUSEBOAT/ COTTAGE TARPON,May 1 - 6,229,,4.85 (74),3 beds
Hotel in Kissimmee,Modern room in boutique hotel near amusement parks,May 1 - 6,64,,4.81 (54),2 beds
Condo in Mary Esther,"Kayaks adventure, Dock, Pool, WiFi Courtyard view.",May 1 - 6,112,,4.72 (94),2 beds
Apartment in Los Angeles,Historic Venice Apt 1/2 blocks to beach+parking,May 1 - 6,222,,4.94 (431),2 beds
Guesthouse in Greensboro,A charmer!Great spot near downtown.,May 1 - 6,81,,4.97 (990),3 beds
Apartment in Galveston,Beach Front Condo In Casa Del Mar,May 1 - 6,122,,4.72 (389),2 beds
Guesthouse in Carrollton,The Cooper Cottage | Guesthouse,May 1 - 6,91,,5.0 (5),4 beds
Cabin in Wofford Heights,Tillie Creek Retreat: a Creekside Oasis,May 1 - 6,145,,4.85 (312),3 beds
Guest suite in Cave Creek,Room With The Views,May 1 - 6,127,,4.99 (402),3 beds
Home in Venice,Venice Getaway,May 1 - 6,159,,5.0 (30),3 beds
Home in Venice,Venice Getaway,May 1 - 6,159,,5.0 (30),3 beds
Condo in Panama City Beach,Beachfront~Amazing Views~Walkable to Walmart/Shops,May 1 - 7,184,,4.96 (26),4 beds
Condo in Miami,Lovely 1 bed condo with pool/wifi free parking,May 1 - 6,149,,4.92 (51),2 beds
Apartment in New York,THE SMALL ENGLISH MANOR NESTLED AMONGST THE TREES,May 1 - 6,276,,4.89 (420),2 beds
Apartment in New York,"Location, location, location!",May 1 - 6,260,,5.0 (19),2 beds
Home in Holden Beach,Egret ~ Beachfront Cottage (pet-Friendly),May 4 - 9,248,,4.93 (43),2 beds
Cottage in Rockaway Beach,Storybook Beach Cottage Twin Rocks,May 1 - 6,144,,4.88 (259),4 beds
Condo in Siesta Key,On the Beach; Siesta Key SunBum Studio,May 6 - 11,379,,4.96 (218),2 beds
Apartment in Laguna Beach,Laguna Beach Charming Unit- Location/Value,May 1 - 6,385,,4.96 (384),3 beds
Home in Tucson,Central House w/ Pool & Hot Tub,May 1 - 6,142,,4.88 (140),2 beds
Apartment in Kissimmee,Modern Great Villa near Disney & Parks,May 1 - 6,103,,4.87 (148),3 beds
Room in Los Angeles,Large Master Bedroom w Hollywood sign VIEWS,May 1 - 6,133,,4.9 (325),5 beds
Home in Huntington Beach,Beachfront Oasis,May 6 - 11,798,,4.99 (111),3 beds
Guesthouse in Colorado Springs,The Enchanted Cottage at Easy Manor,May 1 - 6,115,,4.96 (170),4 beds
Cabin in Hartsel,‚òÄSunrise Cabin‚òÄ Balcony Mtn Views‚îÉGrill‚îÉFirepit,May 11 - 16,113,,4.98 (114),3 beds
Home in Phoenix,Cactus House - private home with pool in Phoenix,May 1 - 8,277,,4.99 (114),3 beds
Condo in Fort Walton Beach,"Beautiful Beachfront condo! 2 Bdrm, 2 Bath",May 1 - 6,300,,4.9 (104),1 bed
Apartment in North Bay Village,Waterfront Studio Apartment with FREE Parking,May 1 - 6,160,,4.63 (16),2 beds
Home in Dana Point,Betty's Beach Bungalow-Pet Friendly! STR21-1232,May 1 - 6,171,,4.97 (478),2 beds
Home in Los Angeles,"Casual Colorful Venice House near Canals,Beach &Abbot Kinney",May 1 - 6,323,,4.95 (398),2 beds
Condo in Miami Beach,Beachfront Penthouse studio w/ pool on Miami Beach,May 1 - 8,181,,4.85 (139),2 beds
Dome in El Prado,Geodesic Earth Dome,May 1 - 6,91,161,4.9 (953),2 beds
Townhouse in Kissimmee,Beautiful 4BR Townhouse/Townhome close to Disney,May 1 - 7,132,,4.83 (109),5 beds
Condo in Saint Petersburg,Waterfront condo on top floor @ Boca Ciega Resort,May 1 - 6,143,,4.87 (360),2 beds
Townhouse in Destin,Scenic Gulf view! Steps to private beach entry!,May 1 - 6,305,,5.0 (41),3 beds
Condo in Fernandina Beach,"Amelia Island, 2 bedroom beach front condo",May 1 - 6,327,,4.92 (147),2 beds
Cottage in San Diego,Fabulous Cottage at the Beach,May 1 - 6,253,,4.94 (215),3 beds
Guesthouse in Rolling Hills,"A view, a pool, and, private cabana sleeps five",May 1 - 6,165,,4.8 (260),4 beds
Home in Tampa,The T and C Club,May 1 - 6,247,,4.97 (90),6 beds
Condo in Cocoa Beach,Oceanfront Apartment - Cocoa Beach,May 1 - 6,176,,4.89 (53),2 beds
Cottage in San Diego,Charming Cottage at the Beach,May 11 - 16,253,,4.91 (550),3 beds
Condo in Las Vegas,Breath-taking Strip View on 33rd Flr Luxury Resort,May 1 - 6,118,,4.73 (318),2 beds
Apartment in Houston,Downtown Suite -Pool/Wi-Fi/ SkyView!,May 1 - 6,113,,4.84 (144),2 beds
Guest suite in Colorado Springs,Ca√±on Getaway- Cabin inspired home,May 1 - 6,112,,4.97 (460),2 beds
Home in Waxhaw,Fox Farms Little House,May 1 - 6,107,,4.97 (430),2 beds
Apartment in Miami,Retro 1BR Apt #3 | Steps from the Water + Parking!,May 1 - 6,106,,4.88 (136),2 beds
Room in Naples,Sunset Suite @ The Vanderbilt | Boutique~BnB,May 1 - 6,224,,4.96 (117),2 beds
Condo in Tybee Island,Direct Waterfront.Keyless entry.Dolphin watch.,May 1 - 6,220,,4.97 (279),2 beds
Room in Galveston,Tropicana Suite-Grand Manor Luxury Mansion Loft,May 1 - 6,104,,4.86 (494),2 beds
Home in Netarts,Retro Retreat by the Bay,May 1 - 6,136,,4.9 (201),4 beds
Apartment in Miami Beach,Ocean Drive Beach Front Studio,May 1 - 6,153,,4.56 (418),3 beds
Home in Sedona,Local Sedona Humble Home,May 1 - 6,236,,4.91 (107),3 beds
Home in Los Angeles,"Hollywood paradise studio in house,owned entrance",May 1 - 6,103,,4.89 (367),2 beds
Room in Miami,Luxe guest suite-perfect Staycation Pool & Parking,May 1 - 6,101,,4.91 (651),4 beds
Home in The Sea Ranch,Casa Del Mar Spectacular Ocean Views!,May 1 - 6,434,,4.97 (148),3 beds
Apartment in Brooklyn,Cozy Garden Apartment,May 1 - 6,117,,4.93 (287),3 beds
Cottage in Eastham,Classic Cape Cod Cottage,May 1 - 6,143,,4.92 (172),3 beds
Home in Las Vegas,Modern 3 bds house with pool in Las Vegas,May 1 - 7,313,,5.0 (10),3 beds
Apartment in Sunny Isles Beach,LOVELY OCEAN VIEW 1BD/1.5TH APT HIGH FLOOR|PARKING,May 4 - 9,148,,4.85 (47),2 beds
Room in New York,spacious chelsea room,May 1 - 6,106,,4.9 (127),3 beds
Guesthouse in Portland,Cozy Portland Studio Apartment,May 1 - 6,104,,4.98 (745),2 beds
Apartment in Pompano Beach,Direct beautiful beach and ocean view,May 1 - 6,173,,4.93 (124),3 beds
Condo in Hollywood,Beach paradise. Just minutes to restaurants shops.,May 1 - 6,320,,4.89 (54),4 beds
Home in Palm Coast,Spacious Heated Pool home with pool/pingpong table,May 1 - 6,212,,4.93 (138),2 beds
Guesthouse in Rockaway Beach,The Strand Oceanview Studio - Dog Friendly!,May 1 - 6,121,,4.85 (392),6 beds
Apartment in Carmel-by-the-Sea,Private romantic 1 br in Carmel Woods- love dogs,May 1 - 6,149,,4.86 (743),2 beds
Condo in Sunny Isles Beach,SUNNY ISLES GORGEOUS Apart 2210!! (+hotel fees),May 1 - 6,191,,4.91 (130),3 beds
Cabin in Point Reyes Station,Point Reyes Unique Creekside Home with Hot Tub,May 1 - 6,271,,4.89 (601),2 beds
Cottage in Mount Pleasant,Perfect Cottage with Amazing Creek & Harbor Views & Location,May 1 - 6,321,,4.99 (298),7 beds
Home in Treasure Island,Eiko Beach House 4BR/3BA Heatd Pool*Hot Tub* Pets,May 8 - 15,722,,4.79 (108),2 beds
Condo in Siesta Key,New: Cozy 1BR Beach Condo on Siesta Key!!!,May 1 - 6,157,,4.82 (148),5 beds
Condo in Anaheim,Across the street from Disney/Pool/Free Parking,May 1 - 6,342,,4.99 (76),3 beds
Condo in Sunny Isles Beach,BEAUTIFULL CONDO IN THE HEART OF SUNNY ISLES.,May 1 - 6,151,,4.57 (225),3 beds
Condo in Sunny Isles Beach,BEAUTIFULL CONDO IN THE HEART OF SUNNY ISLES.,May 1 - 6,151,159,4.57 (225),3 beds
Condo in Pompano Beach,Spacious Studio - 1 minute walk to the beach!,May 1 - 6,115,,5.0 (23),1 bed
Loft in Brooklyn,Authentic Luxury Designed Loft,May 1 - 6,178,,4.88 (253),3 beds
Condo in Las Vegas,Location Location Location 1 bdrm 0.5 mi of Strip,May 1 - 6,124,,4.7 (242),2 beds
Apartment in Las Vegas,Trump Tower High Floor Strip View,May 1 - 6,181,,4.87 (464),2 beds
Condo in Cocoa Beach,"Dolphin Bay, Apartment 202",May 1 - 6,140,,4.84 (285),2 beds
Home in St. Augustine,"Oceanfront, rustic cottage",May 1 - 6,339,,4.88 (465),1 bed
Condo in Pensacola Beach,Enjoy Sunsets at Fully Equipped 2BR Condo on Beach,May 1 - 6,215,,4.93 (14),3 beds
Condo in Long Beach,Oceanfront Belmont Shore Coastal Luxe,May 1 - 6,174,,4.98 (125),2 beds
Condo in Treasure Island,Spectacular beach to bay views from this resort.,May 1 - 6,218,,4.67 (148),1 bed
Condo in Longboat Key,Directly on Longboat Key Beach - Kid Friendly/SRQ1,May 1 - 6,196,,4.89 (415),2 beds
Guesthouse in San Antonio,Casa Alexander,May 1 - 6,73,,4.92 (282),5 beds
Apartment in Englewood,BEACH FRONT Unit w/ Pool Sandy Toe's # 5,May 7 - 12,233,,4.96 (318),4 beds
Room in Long Beach,Across the Street from Beach Getaway/Near Convention Center,May 1 - 6,106,,4.85 (97),4 beds
